id;request_id;first_name;middle_name;last_name;family_name;national_id;passport_no;passport_issue_country;license_type;traffic_unit;birth_date
1;88272;Tyson;bypassing impactful;Pollich;budgetary management bluetooth;rich Chips neutral;payment Rustic Division;withdrawal engineer Planner;Mall Generic Frozen Pizza;Ergonomic Concrete Chips;Berkshire protocol copying
2;12611;Jessyca;Avon Rubber Angola;Sauer;Front-line backing up;Bedfordshire overriding AI;backing up JSON Gardens;Handmade attitude Outdoors;Kids Metrics;Virginia Shirt;Engineer Field Face to face
3;75462;Deontae;hacking cross-media;Orn;Refined Optimization;user-centric Montana Nevada;International;Mali Granite;lavender;foreground Borders Profound;iterate harness Checking Account
4;32785;Clay;Buckinghamshire global;Champlin;orchid schemas;web-readiness Agent haptic;French Guiana concept Brunei Darussalam;Hong Kong Dollar generate Credit Card Account;Re-engineered;Paradigm;Intelligent Rubber Sausages XSS
5;96180;Jane;channels Decentralized overriding;Leffler;SMTP robust;task-force;Oregon;bandwidth plum haptic;synthesizing;auxiliary iterate Sports;Green program yellow
6;69009;Gianni;sensor Berkshire;Fritsch;Kids Customizable;Beauty SAS Brunei Dollar;tan;Garden Small;Money Market Account moderator Checking Account;e-business;Auto Loan Account Markets program
7;15078;Emma;Triple-buffered efficient;Fadel;knowledge base Fish transmit;Comoro Franc;Bedfordshire;Markets;Coordinator Awesome Wooden Soap copy;Cambridgeshire;extend Handmade Concrete Chips Electronics
8;82907;Clark;invoice;Zboncak;Jewelery;Shoes Cayman Islands approach;Unbranded;Producer Zimbabwe Dollar connect;value-added Bedfordshire index;Graphical User Interface Forges back-end;synergy
9;80257;Margarete;Montana Awesome Sports;Treutel;users;USB withdrawal Licensed Cotton Salad;navigate;Refined Frozen Sausages Investment Account;system Home Loan Account Kansas;Island Home;Northern Mariana Islands
10;65312;Kylie;overriding;Eichmann;Open-architected ROI;optical Licensed e-business;Licensed;Quality transmitting;Cheese;overriding killer;Virgin Islands, British
